<?xml version="1.0" encoding="UTF-8"?>
<visualizationDefinition version="3.1" xmlns="http://www.ibm.com/xmlns/prod/ba/vipr/vizBundle/vizdef.3">
    <slots>
        <slot name="categories" caption="Categories" type="cat" optional="false" channel="color" />
        <slot name="values" caption="Value" type="cont" optional="false" />
    </slots>
    <dataSets>
        <dataSet sortsByDatapoint="true">
            <ref slot="categories" />
            <ref slot="values" />
        </dataSet>
    </dataSets>
    <capabilities>
        <decorations>
            <decoration name="selected" type="boolean" target="datapoint" />
            <decoration name="hasSelection" type="boolean" target="dataset" />
            <decoration name="highlighted" type="boolean" target="datapoint" />
        </decorations>
    </capabilities>
    <properties>
        <group name="visualization" caption="Visualization">
            <group name="palettes" caption="Palettes">
                <palette name="color" caption="Color" slot="categories" />
            </group>
            <group name="funnel" caption="Funnel">
                <boolean name="funnel.dynamicWidth" caption="Dynamic block width" defaultValue="true" />
                <boolean name="funnel.pinched" caption="Pinch last item" description="Always active if dynamic block width is on" defaultValue="true"/>
                <number name="funnel.bottomWidth" caption="Bottom width percentage" defaultValue="30" minValue="10" maxValue="100"/>
            </group>
            <group name="label" caption="Label">
                <boolean name="label.show" caption="Show label" defaultValue="true" />
                <boolean name="label.value.show" caption="Show value" defaultValue="true" />
                <boolean name="label.value.percentage" caption="Percentage value" defaultValue="false" />
                <color name="label.color" caption="Fill color" defaultValue="white" />
                <font name="label.font" caption="Label font" defaultValue="1em IBM Plex Sans" tags="$label-03" />
            </group>
        </group>
    </properties>
</visualizationDefinition>
