<?xml version='1.0' encoding='UTF-8'?>
<archive xmlns:SOAP-ENV="http://schemas.xmlsoap.org/soap/envelope/" xmlns:SOAP-ENC="http://schemas.xmlsoap.org/soap/encoding/" xmlns:xsd="http://www.w3.org/2001/XMLSchema" xmlns:xsi="http://www.w3.org/2001/XMLSchema-instance" xmlns:bus="http://developer.cognos.com/schemas/bibus/3/" xmlns:cm="http://developer.cognos.com/schemas/bibus/3/">
<!-- CM Build=12.1.0.29 -->
  <objects>
	<object>
		<class>folder</class>
		<name>cadadca67032d4a1cffde89392e52ec41568cf30</name>
		<id>1</id>
		<parentId>0</parentId>
		<storeID>i88AFA3BD5DC84D1EA9EBC008EBCB314C</storeID>
		<props>
			<creationTime>
				<value>2025-12-01T18:09:45.093Z</value>
			</creationTime>
			<modificationTime>
				<value>2025-12-21T15:13:06.476Z</value>
			</modificationTime>
			<name>
				<value><item><locale xsi:type="xsd:string">en-us</locale><value xsi:type="xsd:string">cadadca67032d4a1cffde89392e52ec41568cf30</value></item>
</value>
			</name>
			<owner>
				<value><item><searchPath xsi:type="cm:stringProp">
	<value xsi:type="xsd:string" xml:space="preserve">CAMID("LDAP:u:6077fe511a48f84c9433809518ae700c")</value>
</searchPath>
<storeID xsi:type="cm:guidProp">
	<value xsi:type="cm:guid" xml:space="preserve">xTERBUDp1OjYwNzdmZTUxMWE0OGY4NGM5NDMzODA5NTE4YWU3MDBj</value>
</storeID></item>
</value>
			</owner>
			<tenantID>
				<value></value>
			</tenantID>
			<displaySequence>
				<value>0</value>
			</displaySequence>
			<hidden>
				<value>false</value>
			</hidden>
			<viewed>
				<value>false</value>
			</viewed>
		</props>
	</object>
	<object>
		<class>folder</class>
		<name>palettes</name>
		<id>2</id>
		<parentId>1</parentId>
		<storeID>i95A4FF175239495A99630778B70F2E79</storeID>
		<props>
			<creationTime>
				<value>2025-12-01T18:09:45.265Z</value>
			</creationTime>
			<modificationTime>
				<value>2026-02-03T11:38:06.470Z</value>
			</modificationTime>
			<name>
				<value><item><locale xsi:type="xsd:string">en-us</locale><value xsi:type="xsd:string">palettes</value></item>
</value>
			</name>
			<owner>
				<value><item><searchPath xsi:type="cm:stringProp">
	<value xsi:type="xsd:string" xml:space="preserve">CAMID("LDAP:u:6077fe511a48f84c9433809518ae700c")</value>
</searchPath>
<storeID xsi:type="cm:guidProp">
	<value xsi:type="cm:guid" xml:space="preserve">xTERBUDp1OjYwNzdmZTUxMWE0OGY4NGM5NDMzODA5NTE4YWU3MDBj</value>
</storeID></item>
</value>
			</owner>
			<tenantID>
				<value></value>
			</tenantID>
			<displaySequence>
				<value>0</value>
			</displaySequence>
			<hidden>
				<value>false</value>
			</hidden>
			<viewed>
				<value>false</value>
			</viewed>
		</props>
	</object>
	<object>
		<class>genericDocument</class>
		<name>5139c0f56e7c43e49fb36744254a3382</name>
		<id>3</id>
		<parentId>2</parentId>
		<storeID>i65A44EDC9A264DAD8C7DC59F9AEB0F0B</storeID>
		<props>
			<creationTime>
				<value>2025-12-18T06:40:36.373Z</value>
			</creationTime>
			<modificationTime>
				<value>2025-12-18T06:40:36.373Z</value>
			</modificationTime>
			<name>
				<value><item><locale xsi:type="xsd:string">en-us</locale><value xsi:type="xsd:string">5139c0f56e7c43e49fb36744254a3382</value></item>
</value>
			</name>
			<owner>
				<value><item><searchPath xsi:type="cm:stringProp">
	<value xsi:type="xsd:string" xml:space="preserve">CAMID("LDAP:u:6077fe511a48f84c9433809518ae700c")</value>
</searchPath>
<storeID xsi:type="cm:guidProp">
	<value xsi:type="cm:guid" xml:space="preserve">xTERBUDp1OjYwNzdmZTUxMWE0OGY4NGM5NDMzODA5NTE4YWU3MDBj</value>
</storeID></item>
</value>
			</owner>
			<tenantID>
				<value></value>
			</tenantID>
			<screenTip>
				<value><item><locale xsi:type="xsd:string">en-us</locale><value xsi:type="xsd:string">CustomPallete</value></item>
</value>
			</screenTip>
			<displaySequence>
				<value>0</value>
			</displaySequence>
			<hidden>
				<value>false</value>
			</hidden>
			<viewed>
				<value>false</value>
			</viewed>
			<documentID>
				<value>5139c0f56e7c43e49fb36744254a3382</value>
			</documentID>
			<documentType>
				<value>ibm.bi.cm.genericDocument.palette</value>
			</documentType>
			<content>
				<value>{"fillType":"simple","label":"CustomPallete","fills":["#FA4D56","#D4BBFF","#08BDBA","#21272A"]}</value>
			</content>
		</props>
	</object>
	<object>
		<class>genericDocument</class>
		<name>bcd39ecd9ab64366a37b1c7837e8f780</name>
		<id>4</id>
		<parentId>2</parentId>
		<storeID>iA9E91E4EF9E74AB6840827871DAE27CB</storeID>
		<props>
			<creationTime>
				<value>2026-02-02T18:52:25.673Z</value>
			</creationTime>
			<modificationTime>
				<value>2026-02-02T18:55:39.598Z</value>
			</modificationTime>
			<name>
				<value><item><locale xsi:type="xsd:string">en-us</locale><value xsi:type="xsd:string">bcd39ecd9ab64366a37b1c7837e8f780</value></item>
</value>
			</name>
			<owner>
				<value><item><searchPath xsi:type="cm:stringProp">
	<value xsi:type="xsd:string" xml:space="preserve">CAMID("LDAP:u:6077fe511a48f84c9433809518ae700c")</value>
</searchPath>
<storeID xsi:type="cm:guidProp">
	<value xsi:type="cm:guid" xml:space="preserve">xTERBUDp1OjYwNzdmZTUxMWE0OGY4NGM5NDMzODA5NTE4YWU3MDBj</value>
</storeID></item>
</value>
			</owner>
			<tenantID>
				<value></value>
			</tenantID>
			<screenTip>
				<value><item><locale xsi:type="xsd:string">en-us</locale><value xsi:type="xsd:string">cib</value></item>
</value>
			</screenTip>
			<displaySequence>
				<value>0</value>
			</displaySequence>
			<hidden>
				<value>false</value>
			</hidden>
			<viewed>
				<value>false</value>
			</viewed>
			<documentID>
				<value>bcd39ecd9ab64366a37b1c7837e8f780</value>
			</documentID>
			<documentType>
				<value>ibm.bi.cm.genericDocument.palette</value>
			</documentType>
			<content>
				<value>{"fillType":"simple","label":"cib","fills":["#AF8FDC","#7F95CA","#7FABAB","#A0A0A0","#CD8B8E"]}</value>
			</content>
		</props>
	</object>
	<object>
		<class>genericDocument</class>
		<name>d94003b82cc543cdb23e7ce9afbff5ed</name>
		<id>5</id>
		<parentId>2</parentId>
		<storeID>iBBBDE502470A4EC8B442EA4D160E0399</storeID>
		<props>
			<creationTime>
				<value>2026-02-03T11:38:06.470Z</value>
			</creationTime>
			<modificationTime>
				<value>2026-02-03T11:39:48.528Z</value>
			</modificationTime>
			<name>
				<value><item><locale xsi:type="xsd:string">en-us</locale><value xsi:type="xsd:string">d94003b82cc543cdb23e7ce9afbff5ed</value></item>
</value>
			</name>
			<owner>
				<value><item><searchPath xsi:type="cm:stringProp">
	<value xsi:type="xsd:string" xml:space="preserve">CAMID("LDAP:u:6077fe511a48f84c9433809518ae700c")</value>
</searchPath>
<storeID xsi:type="cm:guidProp">
	<value xsi:type="cm:guid" xml:space="preserve">xTERBUDp1OjYwNzdmZTUxMWE0OGY4NGM5NDMzODA5NTE4YWU3MDBj</value>
</storeID></item>
</value>
			</owner>
			<tenantID>
				<value></value>
			</tenantID>
			<screenTip>
				<value><item><locale xsi:type="xsd:string">en-us</locale><value xsi:type="xsd:string">cib copy</value></item>
</value>
			</screenTip>
			<displaySequence>
				<value>0</value>
			</displaySequence>
			<hidden>
				<value>false</value>
			</hidden>
			<viewed>
				<value>false</value>
			</viewed>
			<documentID>
				<value>d94003b82cc543cdb23e7ce9afbff5ed</value>
			</documentID>
			<documentType>
				<value>ibm.bi.cm.genericDocument.palette</value>
			</documentType>
			<content>
				<value>{"fillType":"simple","label":"cib copy","fills":["#AF8FDC","#7F95CA","#7FABAB","#A0A0A0","#CD8B8E","#7F95CA","#AF8FDC","#7F95CA","#7F95CA","#7FABAB","#7F95CA"]}</value>
			</content>
		</props>
	</object>
  </objects>
</archive>
